,condition,start_awkward,start_uncomfortable,start_easy,start_vulnerable,interest_in_convo,experience_awkward,experience_uncomfortable,experience_pleasant,experience_enjoyable,experience_happy,experience_vulnerable,experience_interested,other_participant_connected,other_participant_like,other_participant_know,other_participant_learn,happy,feeling,social,organic,compassionate,emotional,sincere,genuine,truthful,benevolent,authentic,notice_facilitator,facilitator_notice_me,facilitator_presence,my_presence,facilitator_caught_my_attention,caught_facilitator_attention,extraverted,open,reserved,conventional,usefulness_networking,usefulness_public,usefulness_home,mood_post,mood_pre,mood_change,rosas_warmth,mdmt_sincerity,group_id,dist_you_device,dist_you_other,dist_device_other,q_2_and_3_vs_total_talk_dup,QA_role,QA_experience
,Condition,Rate the following questions from 1 (not at all) to 10 (very much so). - How awkward was it to start the conversation?,Rate the following questions from 1 (not at all) to 10 (very much so). - How uncomfortable was it to start the conversation?,Rate the following questions from 1 (not at all) to 10 (very much so). - How easy was it to start the conversation?,Rate the following questions from 1 (not at all) to 10 (very much so). - How vulnerable did you feel as you were starting the conversation?,"Slide the scale according to the question. - After your experience in the waiting room today, how does your interest in engaging in a conversation with people you don't know change?",Rate the following questions from 1 (not at all) to 10 (very much so). - How awkward was the conversation?,Rate the following questions from 1 (not at all) to 10 (very much so). - How uncomfortable was the conversation?,Rate the following questions from 1 (not at all) to 10 (very much so). - How pleasant was the conversation?,Rate the following questions from 1 (not at all) to 10 (very much so). - How enjoyable was the conversation?,Rate the following questions from 1 (not at all) to 10 (very much so). - How happy do you feel about your conversation?,Rate the following questions from 1 (not at all) to 10 (very much so). - How vulnerable did you feel during the conversation?,Rate the following questions from 1 (not at all) to 10 (very much so). - Would you be interested in having another conversation with the same person?,Rate the following questions on your conversation partner (the other participant) from 1 (not at all) to 10 (very much so). - How connected do you feel to your conversation partner?,Rate the following questions on your conversation partner (the other participant) from 1 (not at all) to 10 (very much so). - How much do you like your conversation partner?,Rate the following questions on your conversation partner (the other participant) from 1 (not at all) to 10 (very much so). - How well do you feel you got to know your conversation partner?,Rate the following questions on your conversation partner (the other participant) from 1 (not at all) to 10 (very much so). - How much did you learn from your conversation partner?,How well do these words describe the [poster/robot/computer screen] that facilitated your conversation? Rate them on a scale from 1 (Definitely not associated) to 10 (Definitely Associated). - Happy,How well do these words describe the [poster/robot/computer screen] that facilitated your conversation? Rate them on a scale from 1 (Definitely not associated) to 10 (Definitely Associated). - Feeling,How well do these words describe the [poster/robot/computer screen] that facilitated your conversation? Rate them on a scale from 1 (Definitely not associated) to 10 (Definitely Associated). - Social,How well do these words describe the [poster/robot/computer screen] that facilitated your conversation? Rate them on a scale from 1 (Definitely not associated) to 10 (Definitely Associated). - Organic,How well do these words describe the [poster/robot/computer screen] that facilitated your conversation? Rate them on a scale from 1 (Definitely not associated) to 10 (Definitely Associated). - Compassionate,How well do these words describe the [poster/robot/computer screen] that facilitated your conversation? Rate them on a scale from 1 (Definitely not associated) to 10 (Definitely Associated). - Emotional,How well do these words describe the [poster/robot/computer screen] that facilitated your conversation? Rate them on a scale from 1 (Definitely not associated) to 10 (Definitely Associated). - Sincere,How well do these words describe the [poster/robot/computer screen] that facilitated your conversation? Rate them on a scale from 1 (Definitely not associated) to 10 (Definitely Associated). - Genuine,How well do these words describe the [poster/robot/computer screen] that facilitated your conversation? Rate them on a scale from 1 (Definitely not associated) to 10 (Definitely Associated). - Truthful,How well do these words describe the [poster/robot/computer screen] that facilitated your conversation? Rate them on a scale from 1 (Definitely not associated) to 10 (Definitely Associated). - Benevolent,How well do these words describe the [poster/robot/computer screen] that facilitated your conversation? Rate them on a scale from 1 (Definitely not associated) to 10 (Definitely Associated). - Authentic,Respond to the following statements on the scale: - I noticed the [poster/robot/computer screen],Respond to the following statements on the scale: - The [poster/robot/computer screen] noticed me,Respond to the following statements on the scale: - The [poster/robot/computer screen]'s presence was obvious to me,Respond to the following statements on the scale: - My presence was obvious to the [poster/robot/computer screen],Respond to the following statements on the scale: - The [poster/robot/computer screen] caught my attention,Respond to the following statements on the scale: - I caught the [poster/robot/computer screen]'s attention,"Rate the extent to which the pair of traits applies to you, even if one characteristic applies more strongly than the other. - Extraverted, enthusiastic.","Rate the extent to which the pair of traits applies to you, even if one characteristic applies more strongly than the other. - Open to new experiences, complex.","Rate the extent to which the pair of traits applies to you, even if one characteristic applies more strongly than the other. - Reserved, quiet.","Rate the extent to which the pair of traits applies to you, even if one characteristic applies more strongly than the other. - Conventional, uncreative.",Rate the following questions on the [poster/robot/computer screen] from 1 (strongly disagree) to 10 (strongly agree) on its usefulness as a tool to break the ice and encourage conversations between strangers. - The [poster/robot/computer screen] could be useful in a networking session where you don't know the majority of the attendees,Rate the following questions on the [poster/robot/computer screen] from 1 (strongly disagree) to 10 (strongly agree) on its usefulness as a tool to break the ice and encourage conversations between strangers. - The [poster/robot/computer screen] could be useful in a public setting (e.g. grocery store),Rate the following questions on the [poster/robot/computer screen] from 1 (strongly disagree) to 10 (strongly agree) on its usefulness as a tool to break the ice and encourage conversations between strangers. - The [poster/robot/computer screen] could be useful at home with your family members,Mood After Intervention,Mood Before Intervention,Mood Change,ROSAS Warmth,MDMT Sincerity,Group ID,Distance (in pixels) between the center of the “You” circle and that of the “Poster/Robot/Computer Screen” circle,Distance (in pixels) between the center of the “You” circle and that of the “Other Participant” circle,Distance (in pixels) between the center of the “Poster/Robot/Computer Screen” circle and that of the “Other Participant” circle,Deep Question Compliance Percentage,How would you best describe the role of the [poster/robot/computer screen] in the conversation?,Please briefly describe what happened during the time you just spent in the waiting room?
1,robot,1,1,9,6,3,1,1,10,10,10,6,10,5,10,2,8,10,1,10,10,3,1,10,10,10,10,10,Somewhat agree,Strongly agree,Agree,Strongly agree,Strongly agree,Somewhat agree,Agree moderately,Agree strongly,Disagree moderately,Disagree moderately,10,10,1,2,-1,3,5.833333333,10,1,133.4166406,65.00769185,133.6637572,65.7447042,facilitator,answered
2,robot,7,7,5,8,2,7,7,8,8,7,8,7,3,8,3,3,6,1,5,1,1,1,1,1,10,1,1,Strongly agree,Somewhat agree,Agree,Somewhat agree,Strongly agree,Somewhat agree,Disagree a little,Agree moderately,Agree a little,Disagree a little,6,9,6,1,0,1,2.5,2.8,1,112.9468902,122.2620137,108.2450923,65.7447042,facilitator,answered
3,computer screen,1,1,10,2,0,3,2,8,7,8,3,7,6,7,3,5,1,1,1,1,1,1,1,1,1,1,1,Strongly agree,Strongly disagree,Strongly agree,Strongly agree,Strongly agree,Strongly disagree,Agree moderately,Agree a little,Disagree strongly,Disagree moderately,7,3,1,1,0,1,1,1,2,86.03487665,77.00649323,93.29523032,39.72733037,facilitator,answered
4,computer screen,1,1,10,8,5,1,1,10,10,9,8,10,5,8,7,8,10,10,10,10,10,10,10,10,10,8,10,Strongly agree,Somewhat agree,Strongly agree,Strongly agree,Agree,Somewhat disagree,Agree a little,Agree strongly,Disagree moderately,Disagree moderately,10,10,10,-3,-9,6,10,9.6,2,116.4001718,145.0551619,122.613213,39.72733037,involved,answered
5,poster,1,1,10,8,0,1,1,9,9,9,7,9,6,9,4,6,10,10,9,9,10,9,9,10,9,9,9,Strongly disagree,Agree,Strongly disagree,Agree,Strongly disagree,Agree,Agree a little,Agree a little,Disagree strongly,Neither Agree nor disagree,10,8,8,-1,-4,3,9.5,9.2,3,77.46612163,90.00555538,58.30951895,30.40935673,involved,answered
6,poster,2,8,8,3,0,9,2,9,7,9,9,5,1,9,6,9,6,9,9,2,8,10,9,9,9,5,9,Strongly agree,Strongly disagree,Strongly agree,Strongly disagree,Strongly agree,Strongly disagree,Agree a little,Agree strongly,Agree a little,Disagree strongly,10,10,10,4,5,-1,7.333333333,8.2,3,144.0034722,128.996124,72.44998275,30.40935673,facilitator,answered
7,poster,7,4,6,4,1,6,4,7,6,5,6,6,6,6,6,6,7,7,8,7,7,6,7,7,7,7,7,Strongly agree,Neither agree nor disagree,Strongly agree,Neither agree nor disagree,Strongly agree,Neither agree nor disagree,Disagree moderately,Disagree a little,Agree strongly,Agree a little,7,7,8,0,0,0,7,7,4,107.2986486,230.7227774,123.434193,14.55044612,involved,answered
8,poster,6,6,5,2,0,2,2,7,7,6,2,7,6,8,6,6,4,3,7,2,2,2,6,6,6,4,6,Agree,Disagree,Strongly agree,Strongly disagree,Agree,Strongly disagree,Agree a little,Agree moderately,Disagree moderately,Disagree strongly,5,2,1,2,1,1,3.333333333,5.6,4,62.64982043,78.00640999,77.89736838,14.55044612,involved,answered
9,poster,5,5,7,1,0,5,5,7,7,7,1,7,5,8,5,5,1,1,1,1,1,1,1,1,1,1,1,Agree,Strongly disagree,Somewhat disagree,Strongly disagree,Disagree,Strongly disagree,Agree moderately,Agree a little,Agree strongly,Neither Agree nor disagree,6,3,6,0,-1,1,1,1,5,158.7009767,345.8091959,187.1095936,0,no role,other
10,poster,2,2,1,3,3,2,1,1,1,1,3,1,2,2,2,2,9,9,9,7,10,4,9,10,9,5,10,Strongly agree,Strongly agree,Strongly agree,Strongly agree,Agree,Strongly agree,Agree moderately,Agree strongly,Disagree a little,Disagree a little,10,9,8,4,3,1,8,8.6,5,118.0677771,58.00862005,60.07495318,0,involved,other
11,computer screen,9,6,5,3,2,7,4,7,6,7,7,7,7,6,7,6,1,1,5,3,3,2,2,2,5,1,2,Somewhat agree,Strongly disagree,Strongly agree,Somewhat agree,Strongly agree,Disagree,Agree a little,Agree moderately,Disagree a little,Disagree moderately,8,6,8,0,-3,3,2.5,2.4,6,94.57801013,111.1125555,102.6498904,18.86858749,involved,answered
12,computer screen,2,2,9,7,0,2,2,9,8,7,7,9,5,8,5,6,1,1,5,1,1,1,1,3,1,1,2,Agree,Somewhat agree,Agree,Agree,Agree,Somewhat disagree,Agree moderately,Agree a little,Disagree moderately,Disagree moderately,10,4,2,3,3,0,1.666666667,1.6,6,134.3726163,62.29767251,133.2553939,18.86858749,involved,answered
13,computer screen,1,1,10,1,0,1,1,10,10,10,1,10,5,7,7,7,1,1,1,1,1,1,1,1,1,1,1,Somewhat agree,Strongly disagree,Somewhat agree,Strongly disagree,Somewhat agree,Strongly disagree,Neither Agree nor disagree,Agree moderately,Agree a little,Disagree strongly,5,5,1,5,5,0,1,1,7,229.261859,79.0253124,229.6823894,13.4279476,involved,answered
14,computer screen,1,1,10,1,0,1,1,9,9,5,1,5,5,5,5,5,4,5,4,4,4,4,4,4,4,4,4,Agree,Agree,Agree,Agree,Agree,Agree,Agree strongly,Agree strongly,Disagree strongly,Disagree strongly,9,9,2,2,1,1,4.166666667,4,7,79.12016178,95.27329112,70.03570518,13.4279476,involved,answered
15,poster,5,1,5,5,0,1,1,10,10,5,1,10,10,10,5,10,1,1,10,5,5,5,1,5,5,5,5,Neither agree nor disagree,Neither agree nor disagree,Neither agree nor disagree,Neither agree nor disagree,Neither agree nor disagree,Strongly disagree,Neither Agree nor disagree,Agree strongly,Agree a little,Disagree a little,10,5,5,5,5,0,4.5,4.2,8,106.0660172,212.1320344,106.0660172,30.3030303,involved,answered
16,poster,1,1,10,1,5,1,1,10,10,10,1,10,8,10,8,7,1,2,5,2,1,2,7,5,6,1,7,Agree,Strongly disagree,Agree,Strongly disagree,Agree,Strongly disagree,Agree a little,Agree moderately,Disagree a little,Agree a little,7,7,1,5,5,0,2.166666667,5.2,8,42.80186912,102.5524256,60.20797289,30.3030303,involved,answered
17,robot,1,1,9,9,0,1,1,9,9,9,9,9,9,8,8,8,5,2,5,1,2,5,4,5,5,1,6,Strongly agree,Neither agree nor disagree,Strongly agree,Neither agree nor disagree,Strongly agree,Neither agree nor disagree,Agree moderately,Agree strongly,Agree strongly,Agree strongly,2,5,5,0,0,0,3.333333333,4.2,9,192.50974,180.346888,222.2723555,56.36114911,involved,other
18,robot,7,5,4,4,3,5,9,10,10,10,9,10,8,8,6,8,9,7,8,7,9,7,7,8,8,8,8,Somewhat disagree,Neither agree nor disagree,Somewhat disagree,Somewhat disagree,Somewhat disagree,Somewhat disagree,Agree a little,Agree moderately,Agree moderately,Disagree a little,9,6,4,3,2,1,7.833333333,7.8,9,111.8033989,67.47592163,109.3297764,56.36114911,involved,answered
19,computer screen,1,1,8,2,2,2,2,10,9,10,2,10,7,9,5,9,1,1,1,1,1,1,10,10,10,1,10,Agree,Strongly disagree,Neither agree nor disagree,Neither agree nor disagree,Neither agree nor disagree,Strongly disagree,Disagree moderately,Agree strongly,Agree strongly,Disagree moderately,10,6,2,0,-5,5,1,8.2,10,144.9310181,74.95331881,138.9568278,35.12544803,involved,answered
20,computer screen,2,2,8,3,0,2,3,9,10,9,2,10,7,9,8,8,2,2,2,2,2,1,8,7,8,2,5,Agree,Somewhat agree,Disagree,Somewhat disagree,Somewhat disagree,Somewhat disagree,Agree strongly,Agree strongly,Disagree moderately,Disagree strongly,3,9,3,4,4,0,1.833333333,6,10,123.0162591,25.29822128,132.8344835,35.12544803,involved,other
21,poster,1,1,8,5,3,1,4,7,8,9,4,8,7,7,4,7,5,5,5,5,5,5,5,5,5,5,5,Neither agree nor disagree,Neither agree nor disagree,Neither agree nor disagree,Neither agree nor disagree,Neither agree nor disagree,Neither agree nor disagree,Agree a little,Agree moderately,Disagree a little,Disagree a little,9,7,7,2,0,2,5,5,11,115.277925,178.3704011,163.9176623,21.55607949,involved,other
22,poster,3,3,8,2,2,2,2,8,8,8,2,8,7,8,6,7,6,2,5,5,2,2,4,4,7,2,7,Strongly agree,Strongly disagree,Strongly agree,Strongly disagree,Strongly agree,Strongly disagree,Disagree moderately,Agree moderately,Agree a little,Disagree a little,8,5,1,3,2,1,3.666666667,4.8,11,301.6289111,106.0047169,300.8537851,21.55607949,involved,answered
23,poster,1,1,1,1,0,1,1,10,10,7,1,5,8,8,10,10,5,5,5,5,5,5,5,5,5,5,5,Neither agree nor disagree,Strongly disagree,Somewhat disagree,Neither agree nor disagree,Neither agree nor disagree,Neither agree nor disagree,Agree moderately,Agree strongly,Disagree strongly,Disagree strongly,5,4,9,0,-2,2,5,5,12,106.0660172,212.1320344,106.0660172,46.51125142,involved,answered
24,poster,5,2,6,2,2,3,1,9,7,8,7,9,6,9,6,7,7,3,7,3,5,3,5,5,7,7,5,Strongly agree,Strongly disagree,Strongly agree,Disagree,Strongly agree,Disagree,Agree moderately,Agree strongly,Disagree a little,Disagree strongly,9,5,8,-1,-6,5,4.666666667,5.8,12,62.58594091,72.277244,70.60453243,46.51125142,involved,other
25,robot,3,3,6,5,0,3,2,7,7,6,3,6,5,6,4,6,1,1,1,1,1,1,1,4,8,1,1,Strongly agree,Neither agree nor disagree,Strongly agree,Neither agree nor disagree,Strongly agree,Neither agree nor disagree,Neither Agree nor disagree,Agree moderately,Agree moderately,Agree moderately,3,3,2,4,4,0,1,3,14,144.9034161,102.7034566,145.523194,14.02278703,involved,answered
26,robot,3,1,9,7,2,2,1,10,10,10,10,9,7,10,7,8,3,3,8,2,3,4,5,3,8,6,8,Strongly agree,Somewhat agree,Strongly agree,Strongly agree,Strongly agree,Agree,Agree moderately,Agree a little,Disagree moderately,Disagree a little,10,4,2,0,-5,5,3.833333333,6,14,128.5145906,89.08984229,131.2440475,14.02278703,involved,answered
27,robot,1,2,10,3,5,1,1,10,9,10,9,9,9,9,9,8,9,9,10,5,8,1,8,10,9,3,8,Strongly agree,Strongly agree,Strongly agree,Strongly agree,Strongly agree,Strongly agree,Disagree moderately,Agree strongly,Agree strongly,Disagree moderately,10,7,9,0,0,0,7,7.6,15,76.32168761,109.0412766,33.24154028,33.00930714,involved,answered
28,robot,2,1,9,3,3,3,2,8,9,8,2,8,6,7,6,4,1,1,1,1,1,1,1,1,5,1,1,Agree,Strongly disagree,Agree,Disagree,Agree,Disagree,Disagree moderately,Agree moderately,Agree a little,Agree a little,3,8,2,2,0,2,1,1.8,15,147.8005413,54.03702434,147.2990156,33.00930714,involved,answered
29,computer screen,2,1,8,7,0,2,2,8,10,8,3,10,8,9,6,4,9,7,9,8,8,6,8,9,9,5,8,Agree,Somewhat agree,Somewhat disagree,Somewhat agree,Agree,Somewhat agree,Agree moderately,Agree moderately,Disagree strongly,Disagree a little,4,1,2,0,-3,3,7.833333333,7.8,16,133.6338281,72.9177619,114.9478142,49.13409203,involved,other
30,computer screen,2,1,9,2,3,1,2,8,7,7,2,7,5,9,6,6,5,1,7,1,2,2,7,7,7,10,7,Strongly agree,Disagree,Strongly agree,Disagree,Somewhat agree,Disagree,Disagree a little,Agree strongly,Agree strongly,Disagree moderately,9,3,5,-2,-5,3,3,7.6,16,133.2704018,99.32270637,132.8533026,49.13409203,no role,other
31,computer screen,4,3,8,7,0,4,1,9,7,8,2,6,3,6,6,8,1,1,1,1,1,1,1,1,3,1,1,Strongly agree,Strongly disagree,Agree,Strongly disagree,Agree,Disagree,Disagree a little,Agree a little,Agree strongly,Disagree moderately,9,9,1,2,1,1,1,1.4,17,372.7143678,137.0145978,286.2743439,16.37261169,facilitator,answered
32,computer screen,1,1,10,8,5,2,2,10,10,10,5,10,3,10,3,3,7,8,6,8,8,5,8,8,7,6,8,Somewhat disagree,Agree,Disagree,Somewhat agree,Strongly disagree,Disagree,Agree moderately,Agree strongly,Disagree moderately,Agree a little,8,10,5,5,5,0,7,7.4,17,144.699689,91.02197537,139.21566,16.37261169,no role,other
33,robot,1,1,10,2,5,2,1,10,10,10,2,8,4,10,7,7,10,10,10,10,6,10,10,10,10,10,10,Strongly agree,Somewhat disagree,Strongly agree,Disagree,Strongly agree,Disagree,Agree a little,Agree moderately,Agree a little,Agree a little,10,5,4,0,-3,3,9.333333333,10,18,137.6117728,130.2689526,137.3644787,26.20013523,involved,other
34,robot,5,5,7,5,2,5,5,5,7,5,5,6,3,5,4,5,3,2,2,2,2,2,2,2,3,1,2,Strongly agree,Somewhat agree,Strongly agree,Somewhat agree,Strongly agree,Strongly disagree,Agree a little,Agree a little,Disagree moderately,Disagree strongly,2,7,1,3,3,0,2.166666667,2,18,106.0660172,107.9675877,107.9675877,26.20013523,facilitator,answered
35,computer screen,5,4,7,6,4,3,1,9,9,9,4,9,9,8,8,9,8,2,8,1,7,2,1,2,4,2,1,Agree,Neither agree nor disagree,Strongly agree,Agree,Strongly agree,Agree,Disagree moderately,Agree moderately,Agree strongly,Disagree a little,9,8,8,1,-2,3,4.666666667,2,19,90.50966799,180.8009956,92.17917335,0,involved,other
36,computer screen,5,5,7,7,1,2,2,9,9,8,5,9,7,7,7,9,2,1,5,4,1,1,4,2,1,1,1,Somewhat agree,Somewhat disagree,Somewhat agree,Somewhat agree,Somewhat disagree,Strongly disagree,Disagree strongly,Agree a little,Agree strongly,Disagree strongly,4,1,5,0,-2,2,2.333333333,1.8,19,140.0892573,54.58937626,140.8012784,0,no role,answered
37,poster,3,4,7,4,2,4,3,8,6,7,3,8,7,7,6,5,8,7,7,5,6,5,6,7,8,4,8,Neither agree nor disagree,Neither agree nor disagree,Neither agree nor disagree,Neither agree nor disagree,Neither agree nor disagree,Neither agree nor disagree,Agree a little,Agree a little,Neither Agree nor disagree,Agree a little,8,6,3,-4,-3,-1,6.333333333,6.6,20,129.3213053,261.6906571,133.1240023,43.68612506,involved,other
38,poster,1,1,10,1,0,3,1,6,6,6,1,6,3,3,3,3,1,1,9,1,1,1,1,1,1,2,1,Strongly agree,Somewhat agree,Agree,Strongly agree,Strongly agree,Somewhat agree,Agree strongly,Agree strongly,Disagree moderately,Agree a little,10,10,1,0,0,0,2.333333333,1.2,20,145.0413734,246.7893839,193.7524193,43.68612506,involved,answered
39,robot,2,2,8,3,4,1,1,10,10,10,3,9,7,9,7,8,2,2,2,2,2,2,2,2,2,2,2,Agree,Somewhat agree,Agree,Agree,Agree,Agree,Neither Agree nor disagree,Agree moderately,Agree a little,Agree a little,9,7,6,4,3,1,2,2,21,103.4649699,22.47220505,106.0660172,40.79620161,facilitator,answered
40,robot,1,1,9,3,3,1,1,10,9,10,5,10,9,9,8,9,7,7,8,8,7,8,7,8,8,7,7,Strongly agree,Agree,Somewhat agree,Agree,Strongly agree,Agree,Agree moderately,Agree strongly,Neither Agree nor disagree,Neither Agree nor disagree,10,5,7,2,-1,3,7.5,7.4,21,112.7120224,95,108.853112,40.79620161,involved,answered
41,poster,2,1,8,7,3,1,7,9,10,10,5,10,8,9,9,7,1,1,1,1,1,1,1,1,1,1,1,Somewhat disagree,Strongly disagree,Somewhat agree,Strongly agree,Disagree,Strongly disagree,Agree a little,Agree strongly,Agree a little,Disagree strongly,1,2,1,-2,-7,5,1,1,22,236.0084744,0,236.0084744,0,no role,other
42,poster,2,2,9,1,4,1,1,10,10,10,1,10,7,9,7,8,1,1,1,1,1,1,1,1,1,1,1,Strongly disagree,Neither agree nor disagree,Strongly disagree,Neither agree nor disagree,Strongly disagree,Neither agree nor disagree,Agree strongly,Agree strongly,Disagree strongly,Disagree strongly,5,5,5,0,-4,4,1,1,22,325.3828514,380.1276102,99.08077513,0,no role,other
43,computer screen,4,5,7,6,1,3,3,10,8,7,5,9,10,10,10,10,9,7,10,8,9,7,10,10,10,9,9,Somewhat agree,Strongly disagree,Somewhat agree,Strongly disagree,Somewhat agree,Strongly disagree,Agree a little,Agree moderately,Agree strongly,Disagree a little,8,5,2,-1,-7,6,8.333333333,9.6,23,174.4276354,69.02897942,196.2243614,0,no role,other
44,computer screen,1,1,9,2,2,1,2,8,8,8,2,10,6,8,5,5,1,1,1,1,1,1,1,1,1,1,1,Somewhat disagree,Neither agree nor disagree,Disagree,Neither agree nor disagree,Disagree,Neither agree nor disagree,Disagree moderately,Agree strongly,Agree moderately,Disagree moderately,8,2,5,3,2,1,1,1,23,205.1974659,132.0151506,197.4082065,0,no role,other
45,computer screen,3,2,6,4,2,6,6,7,7,7,1,7,4,7,4,4,4,6,6,6,6,6,6,7,7,6,4,Agree,Somewhat disagree,Strongly agree,Agree,Agree,Somewhat disagree,Disagree a little,Disagree a little,Agree strongly,Agree moderately,9,9,4,0,-2,2,5.666666667,6,24,126.7793359,131.0610545,127.6322843,30.25291829,facilitator,answered
46,computer screen,3,2,7,7,3,1,1,9,9,9,7,8,6,6,6,7,7,6,7,9,6,6,7,8,7,6,8,Strongly agree,Somewhat agree,Somewhat agree,Agree,Somewhat agree,Strongly agree,Agree moderately,Agree strongly,Agree a little,Disagree strongly,10,8,9,0,-2,2,6.833333333,7.2,24,217,230.4886114,306.1110909,30.25291829,involved,answered
49,computer screen,3,2,2,2,1,1,2,9,7,8,2,8,6,7,5,6,1,1,1,1,1,1,1,1,1,1,1,Somewhat agree,Neither agree nor disagree,Somewhat agree,Neither agree nor disagree,Somewhat agree,Neither agree nor disagree,Neither Agree nor disagree,Agree moderately,Agree a little,Neither Agree nor disagree,8,5,6,0,-3,3,1,1,28,128.6934342,131.4610208,135.6023599,34.09410112,no role,answered
50,computer screen,4,3,10,1,1,1,1,10,10,9,1,10,7,10,7,7,5,1,2,1,2,1,3,1,2,9,1,Agree,Neither agree nor disagree,Agree,Disagree,Agree,Strongly disagree,Neither Agree nor disagree,Agree moderately,Agree a little,Disagree moderately,8,8,4,4,3,1,2,3.2,28,131.5902732,74.33034374,129.5414991,34.09410112,facilitator,answered
51,poster,1,1,10,5,0,2,1,9,9,8,5,9,4,10,5,5,5,5,5,5,5,5,5,5,5,5,5,Strongly disagree,Neither agree nor disagree,Strongly disagree,Neither agree nor disagree,Neither agree nor disagree,Neither agree nor disagree,Disagree a little,Agree a little,Neither Agree nor disagree,Disagree a little,5,5,5,0,-1,1,5,5,29,124.016128,263.2869157,199.4492417,0,no role,other
52,poster,4,2,6,4,2,4,2,8,6,7,4,7,5,6,4,3,1,1,1,1,1,1,1,1,1,1,1,Strongly disagree,Neither agree nor disagree,Strongly disagree,Neither agree nor disagree,Strongly disagree,Neither agree nor disagree,Disagree moderately,Agree a little,Agree moderately,Agree moderately,1,1,1,-1,-4,3,1,1,29,84.00595217,389.8012314,338.6945527,0,no role,other
53,poster,1,1,1,1,0,1,1,10,10,9,1,10,10,8,6,10,5,5,5,5,5,5,5,5,5,5,5,Strongly disagree,Strongly disagree,Strongly disagree,Strongly disagree,Strongly disagree,Strongly disagree,Neither Agree nor disagree,Agree moderately,Neither Agree nor disagree,Agree moderately,4,4,4,5,5,0,5,5,30,106.0660172,212.1320344,106.0660172,0,no role,other
54,poster,2,2,6,1,0,1,1,7,6,7,1,7,4,7,4,7,1,1,1,1,1,1,1,3,1,1,1,Disagree,Disagree,Neither agree nor disagree,Disagree,Disagree,Disagree,Neither Agree nor disagree,Agree moderately,Agree a little,Neither Agree nor disagree,1,2,1,0,0,0,1,1.4,30,119.2057046,141.2869421,184.4017353,0,no role,other
55,robot,6,4,3,5,2,6,4,6,6,6,5,5,5,5,6,5,5,5,5,5,5,5,5,5,5,5,5,Somewhat agree,Somewhat disagree,Somewhat agree,Somewhat disagree,Somewhat agree,Somewhat disagree,Neither Agree nor disagree,Neither Agree nor disagree,Neither Agree nor disagree,Disagree a little,6,6,6,-2,-6,4,5,5,32,103.7111373,220.9841623,117.4137982,36.60665576,involved,other
56,robot,2,1,10,2,0,2,2,7,9,9,10,10,8,10,4,1,1,1,1,1,1,1,1,1,1,1,1,Strongly agree,Strongly disagree,Agree,Strongly disagree,Somewhat agree,Strongly disagree,Agree a little,Agree strongly,Disagree moderately,Disagree strongly,10,8,1,0,-3,3,1,1,32,143.850617,22.09072203,144.0034722,36.60665576,facilitator,answered
57,robot,2,2,8,4,0,2,5,7,7,7,6,7,8,8,8,8,1,1,1,1,1,1,2,2,5,2,1,Agree,Disagree,Agree,Disagree,Agree,Disagree,Agree moderately,Agree strongly,Disagree moderately,Disagree strongly,8,8,2,4,5,-1,1,2.4,33,143.6175477,102.0049018,144.1006593,46.73710379,involved,other
58,robot,2,3,9,1,4,1,1,10,10,9,1,10,8,10,4,8,8,7,9,8,5,2,9,10,9,3,9,Agree,Somewhat agree,Somewhat agree,Agree,Neither agree nor disagree,Disagree,Disagree strongly,Agree moderately,Agree strongly,Neither Agree nor disagree,9,9,9,4,3,1,6.5,8,33,139.4632568,1,138.8416364,46.73710379,involved,answered
59,robot,1,1,9,4,3,2,2,7,5,5,4,6,5,6,6,7,8,5,8,3,8,6,9,8,5,7,1,Strongly agree,Neither agree nor disagree,Agree,Neither agree nor disagree,Agree,Neither agree nor disagree,Agree a little,Agree a little,Neither Agree nor disagree,Disagree a little,9,5,3,0,-3,3,6.333333333,6,34,127.1298549,78.00640999,126.1784451,57.1680791,involved,answered
60,robot,3,3,8,6,2,1,1,10,7,9,6,5,6,8,3,1,1,1,1,1,1,1,10,10,10,1,10,Strongly agree,Disagree,Strongly agree,Somewhat disagree,Strongly agree,Strongly disagree,Disagree moderately,Agree strongly,Agree moderately,Disagree strongly,10,10,4,-2,-7,5,1,8.2,34,129.8075499,60,127.4754878,57.1680791,involved,answered
61,robot,7,2,7,2,2,5,2,10,7,8,2,9,3,9,9,7,9,8,8,8,2,7,8,10,9,5,9,Agree,Neither agree nor disagree,Strongly agree,Neither agree nor disagree,Agree,Disagree,Disagree moderately,Agree strongly,Agree moderately,Disagree a little,5,8,8,0,-3,3,7,8.2,35,106.0660172,212.1320344,106.0660172,21.10643416,involved,answered
62,robot,1,1,10,3,4,2,2,10,10,10,3,10,10,10,4,10,9,10,10,10,10,10,10,10,10,7,10,Strongly agree,Strongly agree,Strongly agree,Strongly agree,Strongly agree,Strongly agree,Agree moderately,Agree strongly,Agree strongly,Disagree strongly,10,10,10,4,3,1,9.833333333,9.4,35,23,22.02271555,45.01110974,21.10643416,involved,answered
63,robot,2,3,7,3,1,2,2,9,10,9,3,10,5,8,6,8,5,3,6,3,3,3,3,4,4,4,4,Agree,Disagree,Agree,Disagree,Agree,Disagree,Neither Agree nor disagree,Agree moderately,Agree moderately,Disagree moderately,7,5,2,-1,-7,6,3.833333333,3.8,36,125.6702033,83.5463943,123.5677952,72.79940949,facilitator,answered
64,robot,5,2,4,7,3,8,7,7,8,7,8,7,7,9,7,8,10,6,10,6,10,8,10,10,10,6,4,Strongly agree,Somewhat agree,Strongly agree,Somewhat agree,Strongly agree,Somewhat agree,Disagree a little,Agree moderately,Agree moderately,Disagree a little,9,6,7,2,0,2,8.333333333,8,36,28.44292531,113.1459235,131.2440475,72.79940949,involved,other
65,robot,3,3,8,2,0,2,2,7,9,7,5,9,6,6,4,6,5,5,5,5,5,2,5,5,5,5,5,Agree,Somewhat disagree,Neither agree nor disagree,Somewhat disagree,Agree,Somewhat disagree,Disagree a little,Agree a little,Disagree a little,Agree a little,7,2,2,2,2,0,4.5,5,37,102.7277957,212.1320344,109.7861558,39.58633959,facilitator,answered
66,robot,7,5,6,8,2,6,5,7,7,8,7,7,7,8,7,8,6,3,3,2,3,2,5,5,5,6,4,Strongly agree,Somewhat disagree,Agree,Somewhat agree,Somewhat agree,Disagree,Agree a little,Agree a little,Disagree a little,Disagree moderately,7,6,3,-2,-7,5,3.166666667,5,37,128.3900308,33.54101966,128.1912634,39.58633959,facilitator,answered
67,poster,6,6,5,7,0,7,4,6,6,5,5,5,3,5,3,3,5,3,3,6,5,2,7,7,4,5,7,Strongly disagree,Strongly disagree,Strongly disagree,Strongly disagree,Strongly disagree,Strongly disagree,Disagree strongly,Agree moderately,Agree strongly,Disagree moderately,5,6,5,0,0,0,4,6,38,72.09022125,69.07966416,141.1559421,0,involved,other
68,poster,3,3,3,4,0,6,3,8,4,1,2,10,1,7,4,5,1,1,1,1,1,1,1,1,1,1,1,Somewhat agree,Neither agree nor disagree,Somewhat agree,Neither agree nor disagree,Neither agree nor disagree,Neither agree nor disagree,Disagree moderately,Agree strongly,Agree moderately,Disagree a little,6,1,1,0,0,0,1,1,38,110.0545319,289.0847627,267.5406511,0,no role,other
69,computer screen,3,3,7,6,0,3,3,8,8,8,8,8,8,9,7,8,6,6,8,6,4,6,3,6,7,6,6,Agree,Disagree,Somewhat agree,Disagree,Disagree,Disagree,Disagree moderately,Agree strongly,Agree moderately,Agree a little,10,8,6,2,0,2,6,5.6,39,135.1332676,56.08921465,133.3304166,42.31650202,involved,answered
70,computer screen,1,1,1,1,0,1,1,9,9,10,1,10,8,10,5,7,8,6,8,6,8,5,8,8,8,8,8,Somewhat agree,Somewhat disagree,Somewhat agree,Somewhat disagree,Somewhat disagree,Somewhat disagree,Agree a little,Agree strongly,Agree a little,Disagree a little,9,3,7,0,-3,3,6.833333333,8,39,143.1083506,93.77099765,142.9720252,42.31650202,involved,other
71,poster,4,4,4,4,0,2,1,10,7,6,1,10,4,8,8,5,10,10,10,10,10,10,10,10,10,7,10,Agree,Strongly disagree,Somewhat agree,Strongly disagree,Strongly agree,Strongly disagree,Agree moderately,Agree moderately,Agree moderately,Disagree strongly,2,10,10,0,0,0,10,9.4,40,395.0658173,381.634642,512.1406057,41.39320668,facilitator,other
72,poster,4,4,7,6,2,4,4,6,6,6,6,8,7,8,8,9,7,7,8,5,4,8,6,4,4,3,6,Agree,Somewhat agree,Somewhat disagree,Strongly disagree,Somewhat agree,Strongly disagree,Agree a little,Agree moderately,Disagree a little,Agree a little,4,2,1,3,7,-4,6.5,4.6,40,66.46803743,130.2996546,64.03124237,41.39320668,no role,answered
73,poster,1,1,10,1,0,1,1,10,10,10,1,10,3,8,4,7,1,1,1,1,1,1,1,1,1,1,1,Strongly disagree,Strongly disagree,Strongly disagree,Strongly agree,Strongly disagree,Strongly agree,Agree strongly,Agree strongly,Disagree strongly,Disagree strongly,1,1,1,0,0,0,1,1,41,185.6475155,384.4008325,200.1124684,0,no role,other
74,poster,4,2,8,2,0,3,1,8,8,8,1,8,7,9,8,8,1,1,1,1,1,1,1,1,1,1,1,Strongly agree,Strongly disagree,Strongly disagree,Strongly disagree,Strongly disagree,Strongly disagree,Agree moderately,Agree moderately,Disagree moderately,Disagree moderately,1,2,2,4,3,1,1,1,41,111.1260546,212.1320344,101.2373449,0,no role,other
75,computer screen,8,7,5,6,1,8,8,7,6,7,5,7,7,7,6,8,1,1,1,1,2,1,2,1,1,1,1,Strongly agree,Strongly disagree,Agree,Disagree,Agree,Strongly disagree,Disagree moderately,Agree moderately,Agree strongly,Disagree strongly,4,1,1,3,2,1,1.166666667,1.2,42,259.4706149,91.00549434,257.8158257,16.20577785,involved,answered
76,computer screen,2,2,8,2,3,2,2,9,9,8,2,8,7,9,5,8,5,5,3,4,5,4,6,6,8,8,6,Agree,Somewhat agree,Agree,Neither agree nor disagree,Agree,Somewhat agree,Agree a little,Agree strongly,Agree a little,Disagree moderately,8,8,6,3,1,2,4.333333333,6.8,42,111.0720487,113.6353818,117.3456433,16.20577785,involved,answered
77,computer screen,8,8,5,9,3,3,3,10,7,8,7,7,3,7,5,7,3,4,4,3,6,1,5,5,4,7,5,Somewhat disagree,Disagree,Strongly agree,Agree,Somewhat disagree,Disagree,Disagree a little,Agree a little,Neither Agree nor disagree,Disagree strongly,7,5,3,-3,-10,7,3.5,5.2,43,58.07753438,116.0172401,58.00862005,21.68326373,facilitator,answered
78,computer screen,6,6,7,10,0,7,7,7,7,6,10,6,3,6,3,7,1,1,1,1,1,1,1,1,1,1,1,Strongly agree,Strongly disagree,Strongly agree,Strongly disagree,Strongly agree,Strongly disagree,Disagree strongly,Agree a little,Agree strongly,Agree strongly,10,1,1,3,3,0,1,1,43,127.6753696,103.1600698,128.2224629,21.68326373,involved,answered
79,robot,3,4,7,5,2,5,3,7,6,5,5,5,7,7,7,6,5,3,5,5,3,5,3,4,5,3,7,Agree,Disagree,Agree,Disagree,Agree,Disagree,Disagree a little,Agree a little,Agree a little,Neither Agree nor disagree,7,8,7,3,4,-1,4.333333333,4.4,44,136.0918807,277.0451227,141.3541651,18.98597627,facilitator,answered
80,robot,2,3,7,4,5,10,2,10,10,9,8,7,7,7,7,5,3,1,3,2,1,1,1,2,6,4,1,Somewhat agree,Strongly disagree,Disagree,Strongly disagree,Somewhat disagree,Strongly disagree,Disagree moderately,Agree a little,Agree moderately,Agree a little,3,2,5,-2,-8,6,1.833333333,2.8,44,112.3610253,67.17886572,98.4073168,18.98597627,involved,answered
81,computer screen,6,2,8,2,2,5,2,9,8,8,3,7,3,7,5,5,1,1,2,1,1,1,3,2,9,6,3,Strongly agree,Somewhat agree,Somewhat agree,Neither agree nor disagree,Somewhat agree,Disagree,Disagree moderately,Agree a little,Disagree a little,Agree a little,7,4,5,4,3,1,1.166666667,4.6,45,143.5618334,44.01136217,143.0139853,5.358995139,involved,answered
82,computer screen,5,4,6,5,1,3,4,7,8,6,5,6,5,6,3,5,1,1,1,1,1,1,1,1,1,1,1,Strongly agree,Agree,Agree,Agree,Agree,Somewhat agree,Disagree strongly,Agree a little,Agree strongly,Disagree a little,3,9,3,0,0,0,1,1,45,63.63961031,42.42640687,106.0660172,5.358995139,involved,other
83,robot,1,1,10,1,0,1,1,10,10,10,1,10,1,10,10,10,6,1,9,1,8,8,7,8,9,5,7,Strongly agree,Neither agree nor disagree,Agree,Neither agree nor disagree,Strongly agree,Neither agree nor disagree,Agree moderately,Agree moderately,Neither Agree nor disagree,Disagree a little,10,10,10,4,4,0,5.5,7.2,46,106.4800451,105.7733426,106.0660172,14.14004933,involved,answered
84,robot,5,1,1,1,0,5,1,2,1,5,1,1,2,7,2,3,3,1,7,1,1,1,1,5,9,2,3,Strongly agree,Strongly agree,Strongly agree,Strongly agree,Strongly agree,Strongly agree,Agree strongly,Agree strongly,Neither Agree nor disagree,Agree strongly,2,2,2,0,0,0,2.333333333,4,46,105.8017013,100.4639239,126.6056871,14.14004933,involved,answered
85,poster,2,1,8,3,2,2,2,8,7,8,2,7,6,8,5,5,10,7,10,8,8,5,8,9,9,9,9,Somewhat disagree,Disagree,Disagree,Disagree,Disagree,Disagree,Neither Agree nor disagree,Agree moderately,Neither Agree nor disagree,Disagree a little,4,2,1,-1,-5,4,8,8.8,47,98.04590761,139.3161871,132.1892583,0,facilitator,answered
86,poster,1,1,10,1,0,1,1,10,10,5,1,7,2,7,2,2,7,2,10,7,1,2,7,7,6,5,7,Strongly agree,Strongly disagree,Strongly agree,Neither agree nor disagree,Strongly agree,Strongly disagree,Agree moderately,Agree moderately,Agree a little,Disagree a little,7,4,1,0,-5,5,4.833333333,6.4,47,102.4499878,123,99.40321926,0,involved,answered
87,poster,4,2,6,2,0,5,3,7,6,7,3,6,5,6,5,5,4,3,5,2,4,3,2,3,5,4,2,Strongly agree,Neither agree nor disagree,Agree,Neither agree nor disagree,Agree,Neither agree nor disagree,Disagree a little,Agree moderately,Agree moderately,Agree a little,6,5,2,0,-2,2,3.5,3.2,48,135.3403118,68,129.0155029,0,involved,answered
88,poster,1,1,8,5,3,1,1,7,5,5,1,5,2,4,2,2,9,1,9,1,1,1,1,9,1,1,9,Somewhat agree,Neither agree nor disagree,Somewhat disagree,Neither agree nor disagree,Neither agree nor disagree,Neither agree nor disagree,Disagree a little,Agree strongly,Disagree a little,Disagree moderately,9,9,6,4,4,0,3.666666667,4.2,48,77.36924454,131.4001522,56.85068161,0,involved,answered
89,computer screen,4,4,6,4,2,6,3,7,7,7,3,8,6,7,7,6,4,4,4,4,4,5,4,4,4,4,4,Strongly agree,Disagree,Strongly agree,Disagree,Agree,Disagree,Agree moderately,Agree strongly,Agree a little,Disagree a little,6,4,3,0,-3,3,4.166666667,4,49,270.9132703,131,271.1549373,28.90625,involved,answered
90,computer screen,6,3,3,4,2,7,6,9,8,8,6,6,7,7,7,6,5,7,7,7,7,8,7,7,7,5,7,Somewhat agree,Neither agree nor disagree,Agree,Somewhat agree,Somewhat agree,Neither agree nor disagree,Agree a little,Agree moderately,Agree moderately,Disagree moderately,8,7,6,3,3,0,6.833333333,6.6,49,74.27651042,126.7320007,53.00943312,28.90625,facilitator,other